"chromosome","position","ref_allele","alt_allele","uniprot_accession","gene_names","entry_name","n_enriched_go_terms","best_p_adjusted","max_fold_enrichment","enriched_go_terms"
"LG1",11622855,"A","G","O93430","glra1","GLRA1_DANRE",1,0.00675773803141379,5.69032258064516,"C:perikaryon"
"LG12",303736,"T","C","Q5W7F1","asah2","ASAH2_DANRE",1,0.00675773803141379,2.70967741935484,"C:extracellular region"
"LG12",1329681,"T","C","P0DQV9","","LEC_SCOPL",2,0.00675773803141379,6.32258064516129,"C:extracellular region | F:carbohydrate binding"
"LG12",4853769,"T","G","E7F9L8","myo1d","MYO1D_DANRE",2,0.00675773803141379,5.69032258064516,"C:extracellular region | C:perikaryon"
"LG15",13611748,"G","A","O57460","tll1","TLL1_DANRE",1,0.00675773803141379,2.70967741935484,"C:extracellular region"
"LG15",13611748,"G","A","Q1LW01","he1.2","HE12_DANRE",1,0.00675773803141379,2.70967741935484,"C:extracellular region"
"LG17",2266520,"T","G","P80646","","CTRB_GADMO",1,0.00675773803141379,2.70967741935484,"C:extracellular region"
"LG17",7385576,"T","C","O42091","th","TY3H_ANGAN",1,0.00675773803141379,5.69032258064516,"C:perikaryon"
"LG17",7385576,"T","C","A0A060X6Z0","th","TY3H_ONCMY",1,0.00675773803141379,5.69032258064516,"C:perikaryon"
"LG20",21535210,"T","C","P47796","","CTRA_GADMO",1,0.00675773803141379,2.70967741935484,"C:extracellular region"
"LG22",22491682,"T","C","B8JI71","eys","EYS_DANRE",1,0.00675773803141379,2.70967741935484,"C:extracellular region"
"LG24",8302038,"A","G","A0A2P1BRP3","","CTXB_SCOPL",1,0.00675773803141379,2.70967741935484,"C:extracellular region"
"LG24",8302038,"A","G","Q98989","","STXA_SYNHO",1,0.00675773803141379,2.70967741935484,"C:extracellular region"
"LG24",8302038,"A","G","Q91453","","STXB_SYNHO",1,0.00675773803141379,2.70967741935484,"C:extracellular region"
"LG4",12280997,"T","C","A2CEH0","poc1b","POC1B_DANRE",1,0.00675773803141379,2.70967741935484,"C:extracellular region"
"LG5",5064619,"T","A","Q7SIC1","","FUCL_ANGAN",2,0.00675773803141379,6.32258064516129,"C:extracellular region | F:carbohydrate binding"
"LG6",7304266,"C","G","Q08BL9","klhl24a","KL24A_DANRE",2,0.00675773803141379,5.69032258064516,"C:Cul3-RING ubiquitin ligase complex | C:perikaryon"
"LG6",20672143,"G","T","Q9PVW7","c8b","CO8B_PAROL",1,0.00675773803141379,2.70967741935484,"C:extracellular region"
"LG6",20672143,"G","T","Q90X85","c8b","CO8B_ONCMY",1,0.00675773803141379,2.70967741935484,"C:extracellular region"
"LG7",19986017,"T","C","B8JI71","eys","EYS_DANRE",1,0.00675773803141379,2.70967741935484,"C:extracellular region"
"LG7",23769419,"C","T","B8JI71","eys","EYS_DANRE",1,0.00675773803141379,2.70967741935484,"C:extracellular region"
"LG9",8787447,"C","T","A0A0R4IEW8","elavl4","ELAV4_DANRE",1,0.00675773803141379,5.69032258064516,"C:perikaryon"
"LG9",15864029,"G","T","Q7T3Q2","crim1","CRIM1_DANRE",1,0.00675773803141379,2.70967741935484,"C:extracellular region"
"LG13",18185717,"A","T","Q5U374","klhl12","KLH12_DANRE",1,0.0825134218183316,4.3108504398827,"C:Cul3-RING ubiquitin ligase complex"
"LG13",18185717,"A","T","Q08CL3","kbtbd8","KBTB8_DANRE",1,0.0825134218183316,4.3108504398827,"C:Cul3-RING ubiquitin ligase complex"
"LG13",18185717,"A","T","A0A2R8Q1W5","keap1b","KEP1B_DANRE",1,0.0825134218183316,4.3108504398827,"C:Cul3-RING ubiquitin ligase complex"
"LG6",7304266,"C","G","Q1LYM6","klhl38","KLH38_DANRE",1,0.0825134218183316,4.3108504398827,"C:Cul3-RING ubiquitin ligase complex"
"LG6",7304266,"C","G","Q5U374","klhl12","KLH12_DANRE",1,0.0825134218183316,4.3108504398827,"C:Cul3-RING ubiquitin ligase complex"
"LG1",9180682,"T","C","Q9W7R3","tenm4","TEN4_DANRE",1,0.0845447791353707,9.48387096774194,"F:cell adhesion molecule binding"
"LG1",9180682,"T","C","Q9W7R4","tenm3","TEN3_DANRE",1,0.0845447791353707,9.48387096774194,"F:cell adhesion molecule binding"
"LG21",18653546,"C","T","Q66I42","msna","MOESA_DANRE",1,0.0845447791353707,9.48387096774194,"F:cell adhesion molecule binding"
"LG5",5064619,"T","A","Q9I931","","FUCL1_ANGJA",1,0.0845447791353707,6.32258064516129,"F:carbohydrate binding"
"LG5",5064619,"T","A","Q9I928","","FUCL4_ANGJA",1,0.0845447791353707,6.32258064516129,"F:carbohydrate binding"
